h,V,C,x
10RP,1,2,0.3629
10RP,1,4,0.3920
10RP,1,6,0.4151
10RP,1,8,0.4357
10RP,1,10,0.4521
10RP,1,12,0.4668
2.5R,1,2,0.3768
2.5R,1,4,0.4166
2.5R,1,6,0.4515
2.5R,1,8,0.4812
2.5R,1,10,0.5058
5R,1,2,0.3908
5R,1,4,0.4420
5R,1,6,0.4885
5R,1,8,0.5282
5R,1,10,0.5604
7.5R,1,2,0.4020
7.5R,1,4,0.4660
7.5R,1,6,0.5235
7.5R,1,8,0.5722
7.5R,1,10,0.6111
10R,1,2,0.4128
10R,1,4,0.4933
10R,1,6,0.5584
10R,1,8,0.6178
10R,1,10,0.6661
2.5YR,1,2,0.4258
2.5YR,1,4,0.5311
2.5YR,1,6,0.6048
2.5YR,1,8,0.6721
5YR,1,2,0.4377
5YR,1,4,0.5660
7.5YR,1,2,0.4430
10YR,1,2,0.4446
2.5Y,1,2,0.4362
5Y,1,2,0.4230
7.5Y,1,2,0.4042
10Y,1,2,0.3802
2.5GY,1,2,0.3540
5GY,1,2,0.3359
5GY,1,4,0.3765
7.5GY,1,2,0.3154
7.5GY,1,4,0.3133
10GY,1,2,0.3006
10GY,1,4,0.2722
10GY,1,6,0.2232
2.5G,1,2,0.2910
2.5G,1,4,0.2454
2.5G,1,6,0.1711
2.5G,1,8,0.0620
5G,1,2,0.2833
5G,1,4,0.2290
5G,1,6,0.1468
5G,1,8,0.0559
7.5G,1,2,0.2758
7.5G,1,4,0.2159
7.5G,1,6,0.1344
7.5G,1,8,0.0530
10G,1,2,0.2689
10G,1,4,0.2040
10G,1,6,0.1249
10G,1,8,0.0511
2.5BG,1,2,0.2600
2.5BG,1,4,0.1883
2.5BG,1,6,0.1169
2.5BG,1,8,0.0476
5BG,1,2,0.2500
5BG,1,4,0.1753
5BG,1,6,0.1093
7.5BG,1,2,0.2430
7.5BG,1,4,0.1702
7.5BG,1,6,0.1059
10BG,1,2,0.2362
10BG,1,4,0.1658
10BG,1,6,0.1074
2.5B,1,2,0.2322
2.5B,1,4,0.1649
2.5B,1,6,0.1118
5B,1,2,0.2291
5B,1,4,0.1667
5B,1,6,0.1212
7.5B,1,2,0.2291
7.5B,1,4,0.1716
7.5B,1,6,0.1303
7.5B,1,8,0.0968
10B,1,2,0.2309
10B,1,4,0.1783
10B,1,6,0.1392
10B,1,8,0.1077
2.5PB,1,2,0.2360
2.5PB,1,4,0.1895
2.5PB,1,6,0.1539
2.5PB,1,8,0.1273
5PB,1,2,0.2427
5PB,1,4,0.2012
5PB,1,6,0.1678
5PB,1,8,0.1447
5PB,1,10,0.1285
7.5PB,1,2,0.2547
7.5PB,1,4,0.2232
7.5PB,1,6,0.2000
7.5PB,1,8,0.1872
7.5PB,1,10,0.1804
7.5PB,1,12,0.1763
7.5PB,1,14,0.1738
7.5PB,1,16,0.1720
7.5PB,1,18,0.1709
7.5PB,1,20,0.1701
7.5PB,1,22,0.1696
7.5PB,1,24,0.1691
7.5PB,1,26,0.1689
7.5PB,1,28,0.1686
7.5PB,1,30,0.1684
7.5PB,1,32,0.1682
7.5PB,1,34,0.1682
7.5PB,1,36,0.1681
7.5PB,1,38,0.1680
10PB,1,2,0.2677
10PB,1,4,0.2459
10PB,1,6,0.2290
10PB,1,8,0.2190
10PB,1,10,0.2120
10PB,1,12,0.2070
10PB,1,14,0.2038
10PB,1,16,0.2008
10PB,1,18,0.1991
10PB,1,20,0.1976
10PB,1,22,0.1965
10PB,1,24,0.1952
10PB,1,26,0.1942
10PB,1,28,0.1936
10PB,1,30,0.1928
2.5P,1,2,0.2808
2.5P,1,4,0.2668
2.5P,1,6,0.2570
2.5P,1,8,0.2496
2.5P,1,10,0.2441
2.5P,1,12,0.2394
2.5P,1,14,0.2361
2.5P,1,16,0.2331
2.5P,1,18,0.2312
2.5P,1,20,0.2295
2.5P,1,22,0.2279
2.5P,1,24,0.2266
2.5P,1,26,0.2251
5P,1,2,0.2936
5P,1,4,0.2854
5P,1,6,0.2794
5P,1,8,0.2742
5P,1,10,0.2701
5P,1,12,0.2670
5P,1,14,0.2645
5P,1,16,0.2625
5P,1,18,0.2612
5P,1,20,0.2601
5P,1,22,0.2590
7.5P,1,2,0.3030
7.5P,1,4,0.2991
7.5P,1,6,0.2960
7.5P,1,8,0.2932
7.5P,1,10,0.2905
7.5P,1,12,0.2884
7.5P,1,14,0.2868
7.5P,1,16,0.2852
7.5P,1,18,0.2841
7.5P,1,20,0.2831
10P,1,2,0.3132
10P,1,4,0.3132
10P,1,6,0.3126
10P,1,8,0.3114
10P,1,10,0.3102
10P,1,12,0.3094
10P,1,14,0.3084
10P,1,16,0.3078
10P,1,18,0.3069
2.5RP,1,2,0.3240
2.5RP,1,4,0.3290
2.5RP,1,6,0.3321
2.5RP,1,8,0.3342
2.5RP,1,10,0.3354
2.5RP,1,12,0.3361
2.5RP,1,14,0.3368
2.5RP,1,16,0.3368
5RP,1,2,0.3378
5RP,1,4,0.3503
5RP,1,6,0.3588
5RP,1,8,0.3660
5RP,1,10,0.3727
5RP,1,12,0.3772
5RP,1,14,0.3811
7.5RP,1,2,0.3498
7.5RP,1,4,0.3705
7.5RP,1,6,0.3865
7.5RP,1,8,0.4005
7.5RP,1,10,0.4132
7.5RP,1,12,0.4240
10RP,2,2,0.3532
10RP,2,4,0.3850
10RP,2,6,0.4139
10RP,2,8,0.4428
10RP,2,10,0.4678
10RP,2,12,0.4911
10RP,2,14,0.5129
2.5R,2,2,0.3614
2.5R,2,4,0.4021
2.5R,2,6,0.4390
2.5R,2,8,0.4776
2.5R,2,10,0.5122
2.5R,2,12,0.5438
2.5R,2,14,0.5734
5R,2,2,0.3692
5R,2,4,0.4184
5R,2,6,0.4642
5R,2,8,0.5143
5R,2,10,0.5557
5R,2,12,0.5930
5R,2,14,0.6302
7.5R,2,2,0.3751
7.5R,2,4,0.4335
7.5R,2,6,0.4875
7.5R,2,8,0.5433
7.5R,2,10,0.5952
7.5R,2,12,0.6392
7.5R,2,14,0.6791
10R,2,2,0.3811
10R,2,4,0.4481
10R,2,6,0.5095
10R,2,8,0.5713
10R,2,10,0.6247
10R,2,12,0.6732
10R,2,14,0.7165
2.5YR,2,2,0.3852
2.5YR,2,4,0.4598
2.5YR,2,6,0.5280
2.5YR,2,8,0.5995
5YR,2,2,0.3880
5YR,2,4,0.4674
5YR,2,6,0.5426
7.5YR,2,2,0.3889
7.5YR,2,4,0.4690
7.5YR,2,6,0.5475
10YR,2,2,0.3872
10YR,2,4,0.4676
2.5Y,2,2,0.3825
2.5Y,2,4,0.4627
5Y,2,2,0.3757
5Y,2,4,0.4543
7.5Y,2,2,0.3660
7.5Y,2,4,0.4401
10Y,2,2,0.3556
10Y,2,4,0.4188
2.5GY,2,2,0.3421
2.5GY,2,4,0.3881
5GY,2,2,0.3309
5GY,2,4,0.3582
5GY,2,6,0.3839
7.5GY,2,2,0.3165
7.5GY,2,4,0.3248
7.5GY,2,6,0.3260
7.5GY,2,8,0.3160
10GY,2,2,0.3069
10GY,2,4,0.2986
10GY,2,6,0.2852
10GY,2,8,0.2628
10GY,2,10,0.2307
10GY,2,12,0.1907
2.5G,2,2,0.2978
2.5G,2,4,0.2763
2.5G,2,6,0.2493
2.5G,2,8,0.2192
2.5G,2,10,0.1773
2.5G,2,12,0.1307
2.5G,2,14,0.0820
2.5G,2,16,0.0329
5G,2,2,0.2918
5G,2,4,0.2640
5G,2,6,0.2318
5G,2,8,0.1979
5G,2,10,0.1560
5G,2,12,0.1120
5G,2,14,0.0688
5G,2,16,0.0277
7.5G,2,2,0.2869
7.5G,2,4,0.2540
7.5G,2,6,0.2200
7.5G,2,8,0.1842
7.5G,2,10,0.1442
7.5G,2,12,0.1022
7.5G,2,14,0.0629
7.5G,2,16,0.0276
10G,2,2,0.2820
10G,2,4,0.2442
10G,2,6,0.2092
10G,2,8,0.1705
10G,2,10,0.1321
10G,2,12,0.0934
10G,2,14,0.0599
10G,2,16,0.0285
2.5BG,2,2,0.2765
2.5BG,2,4,0.2343
2.5BG,2,6,0.1971
2.5BG,2,8,0.1557
2.5BG,2,10,0.1190
2.5BG,2,12,0.0851
2.5BG,2,14,0.0555
5BG,2,2,0.2697
5BG,2,4,0.2234
5BG,2,6,0.1843
5BG,2,8,0.1405
5BG,2,10,0.1050
5BG,2,12,0.0769
7.5BG,2,2,0.2651
7.5BG,2,4,0.2162
7.5BG,2,6,0.1747
7.5BG,2,8,0.1325
7.5BG,2,10,0.0991
7.5BG,2,12,0.0724
10BG,2,2,0.2606
10BG,2,4,0.2096
10BG,2,6,0.1669
10BG,2,8,0.1258
10BG,2,10,0.0929
2.5B,2,2,0.2578
2.5B,2,4,0.2060
2.5B,2,6,0.1621
2.5B,2,8,0.1230
2.5B,2,10,0.0911
5B,2,2,0.2559
5B,2,4,0.2048
5B,2,6,0.1617
5B,2,8,0.1245
5B,2,10,0.0965
7.5B,2,2,0.2545
7.5B,2,4,0.2063
7.5B,2,6,0.1658
7.5B,2,8,0.1313
7.5B,2,10,0.1051
10B,2,2,0.2558
10B,2,4,0.2102
10B,2,6,0.1716
10B,2,8,0.1396
10B,2,10,0.1157
2.5PB,2,2,0.2592
2.5PB,2,4,0.2175
2.5PB,2,6,0.1825
2.5PB,2,8,0.1540
2.5PB,2,10,0.1332
2.5PB,2,12,0.1166
5PB,2,2,0.2638
5PB,2,4,0.2263
5PB,2,6,0.1942
5PB,2,8,0.1685
5PB,2,10,0.1500
5PB,2,12,0.1363
5PB,2,14,0.1253
7.5PB,2,2,0.2712
7.5PB,2,4,0.2420
7.5PB,2,6,0.2189
7.5PB,2,8,0.2005
7.5PB,2,10,0.1882
7.5PB,2,12,0.1813
7.5PB,2,14,0.1762
7.5PB,2,16,0.1728
7.5PB,2,18,0.1701
7.5PB,2,20,0.1685
7.5PB,2,22,0.1670
7.5PB,2,24,0.1660
7.5PB,2,26,0.1653
7.5PB,2,28,0.1647
7.5PB,2,30,0.1640
7.5PB,2,32,0.1635
7.5PB,2,34,0.1630
7.5PB,2,36,0.1628
7.5PB,2,38,0.1623
10PB,2,2,0.2803
10PB,2,4,0.2600
10PB,2,6,0.2440
10PB,2,8,0.2294
10PB,2,10,0.2200
10PB,2,12,0.2139
10PB,2,14,0.2087
10PB,2,16,0.2052
10PB,2,18,0.2021
10PB,2,20,0.1998
10PB,2,22,0.1978
10PB,2,24,0.1962
10PB,2,26,0.1949
10PB,2,28,0.1937
10PB,2,30,0.1925
10PB,2,32,0.1918
10PB,2,34,0.1911
2.5P,2,2,0.2892
2.5P,2,4,0.2758
2.5P,2,6,0.2661
2.5P,2,8,0.2570
2.5P,2,10,0.2501
2.5P,2,12,0.2449
2.5P,2,14,0.2406
2.5P,2,16,0.2372
2.5P,2,18,0.2345
2.5P,2,20,0.2320
2.5P,2,22,0.2298
2.5P,2,24,0.2277
2.5P,2,26,0.2260
2.5P,2,28,0.2245
2.5P,2,30,0.2231
5P,2,2,0.2984
5P,2,4,0.2908
5P,2,6,0.2850
5P,2,8,0.2791
5P,2,10,0.2748
5P,2,12,0.2709
5P,2,14,0.2676
5P,2,16,0.2652
5P,2,18,0.2632
5P,2,20,0.2612
5P,2,22,0.2597
5P,2,24,0.2582
5P,2,26,0.2569
5P,2,28,0.2559
7.5P,2,2,0.3071
7.5P,2,4,0.3048
7.5P,2,6,0.3025
7.5P,2,8,0.3000
7.5P,2,10,0.2979
7.5P,2,12,0.2956
7.5P,2,14,0.2938
7.5P,2,16,0.2922
7.5P,2,18,0.2912
7.5P,2,20,0.2902
7.5P,2,22,0.2890
7.5P,2,24,0.2882
10P,2,2,0.3161
10P,2,4,0.3189
10P,2,6,0.3207
10P,2,8,0.3219
10P,2,10,0.3230
10P,2,12,0.3233
10P,2,14,0.3235
10P,2,16,0.3235
10P,2,18,0.3233
10P,2,20,0.3231
10P,2,22,0.3230
2.5RP,2,2,0.3279
2.5RP,2,4,0.3382
2.5RP,2,6,0.3470
2.5RP,2,8,0.3555
2.5RP,2,10,0.3617
2.5RP,2,12,0.3668
2.5RP,2,14,0.3711
2.5RP,2,16,0.3748
2.5RP,2,18,0.3778
2.5RP,2,20,0.3802
5RP,2,2,0.3383
5RP,2,4,0.3558
5RP,2,6,0.3708
5RP,2,8,0.3858
5RP,2,10,0.3971
5RP,2,12,0.4080
5RP,2,14,0.4180
5RP,2,16,0.4269
5RP,2,18,0.4338
7.5RP,2,2,0.3459
7.5RP,2,4,0.3702
7.5RP,2,6,0.3918
7.5RP,2,8,0.4137
7.5RP,2,10,0.4321
7.5RP,2,12,0.4481
7.5RP,2,14,0.4624
7.5RP,2,16,0.4744
10RP,3,2,0.3526
10RP,3,4,0.3889
10RP,3,6,0.4218
10RP,3,8,0.4552
10RP,3,10,0.4851
10RP,3,12,0.5139
10RP,3,14,0.5380
10RP,3,16,0.5628
2.5R,3,2,0.3591
2.5R,3,4,0.4021
2.5R,3,6,0.4409
2.5R,3,8,0.4821
2.5R,3,10,0.5191
2.5R,3,12,0.5536
2.5R,3,14,0.5828
2.5R,3,16,0.6116
5R,3,2,0.3645
5R,3,4,0.4148
5R,3,6,0.4592
5R,3,8,0.5064
5R,3,10,0.5500
5R,3,12,0.5884
5R,3,14,0.6204
5R,3,16,0.6520
7.5R,3,2,0.3690
7.5R,3,4,0.4240
7.5R,3,6,0.4738
7.5R,3,8,0.5251
7.5R,3,10,0.5730
7.5R,3,12,0.6158
7.5R,3,14,0.6492
7.5R,3,16,0.6817
10R,3,2,0.3728
10R,3,4,0.4308
10R,3,6,0.4854
10R,3,8,0.5393
10R,3,10,0.5871
10R,3,12,0.6322
10R,3,14,0.6703
2.5YR,3,2,0.3757
2.5YR,3,4,0.4360
2.5YR,3,6,0.4954
2.5YR,3,8,0.5475
2.5YR,3,10,0.5941
5YR,3,2,0.3771
5YR,3,4,0.4376
5YR,3,6,0.4966
5YR,3,8,0.5456
7.5YR,3,2,0.3771
7.5YR,3,4,0.4378
7.5YR,3,6,0.4930
7.5YR,3,8,0.5390
10YR,3,2,0.3747
10YR,3,4,0.4341
10YR,3,6,0.4872
10YR,3,8,0.5305
2.5Y,3,2,0.3703
2.5Y,3,4,0.4277
2.5Y,3,6,0.4784
5Y,3,2,0.3646
5Y,3,4,0.4191
5Y,3,6,0.4670
7.5Y,3,2,0.3589
7.5Y,3,4,0.4086
7.5Y,3,6,0.4526
10Y,3,2,0.3513
10Y,3,4,0.3961
10Y,3,6,0.4345
2.5GY,3,2,0.3412
2.5GY,3,4,0.3772
2.5GY,3,6,0.4069
5GY,3,2,0.3319
5GY,3,4,0.3554
5GY,3,6,0.3750
5GY,3,8,0.3924
7.5GY,3,2,0.3180
7.5GY,3,4,0.3270
7.5GY,3,6,0.3333
7.5GY,3,8,0.3341
7.5GY,3,10,0.3266
10GY,3,2,0.3088
10GY,3,4,0.3053
10GY,3,6,0.2992
10GY,3,8,0.2887
10GY,3,10,0.2724
10GY,3,12,0.2531
10GY,3,14,0.2283
2.5G,3,2,0.2999
2.5G,3,4,0.2836
2.5G,3,6,0.2642
2.5G,3,8,0.2435
2.5G,3,10,0.2170
2.5G,3,12,0.1902
2.5G,3,14,0.1626
2.5G,3,16,0.1341
2.5G,3,18,0.1049
2.5G,3,20,0.0720
2.5G,3,22,0.0390
5G,3,2,0.2935
5G,3,4,0.2711
5G,3,6,0.2471
5G,3,8,0.2228
5G,3,10,0.1935
5G,3,12,0.1660
5G,3,14,0.1382
5G,3,16,0.1120
5G,3,18,0.0882
5G,3,20,0.0620
5G,3,22,0.0340
7.5G,3,2,0.2890
7.5G,3,4,0.2618
7.5G,3,6,0.2346
7.5G,3,8,0.2088
7.5G,3,10,0.1800
7.5G,3,12,0.1516
7.5G,3,14,0.1262
7.5G,3,16,0.1023
7.5G,3,18,0.0798
7.5G,3,20,0.0568
7.5G,3,22,0.0332
10G,3,2,0.2844
10G,3,4,0.2525
10G,3,6,0.2240
10G,3,8,0.1970
10G,3,10,0.1688
10G,3,12,0.1411
10G,3,14,0.1161
10G,3,16,0.0925
10G,3,18,0.0718
10G,3,20,0.0528
10G,3,22,0.0333
2.5BG,3,2,0.2799
2.5BG,3,4,0.2437
2.5BG,3,6,0.2132
2.5BG,3,8,0.1845
2.5BG,3,10,0.1552
2.5BG,3,12,0.1288
2.5BG,3,14,0.1051
2.5BG,3,16,0.0843
2.5BG,3,18,0.0648
2.5BG,3,20,0.0482
5BG,3,2,0.2742
5BG,3,4,0.2343
5BG,3,6,0.2020
5BG,3,8,0.1703
5BG,3,10,0.1410
5BG,3,12,0.1158
5BG,3,14,0.0940
5BG,3,16,0.0735
5BG,3,18,0.0580
7.5BG,3,2,0.2699
7.5BG,3,4,0.2272
7.5BG,3,6,0.1928
7.5BG,3,8,0.1620
7.5BG,3,10,0.1326
7.5BG,3,12,0.1086
7.5BG,3,14,0.0874
7.5BG,3,16,0.0691
10BG,3,2,0.2660
10BG,3,4,0.2221
10BG,3,6,0.1861
10BG,3,8,0.1551
10BG,3,10,0.1250
10BG,3,12,0.1018
10BG,3,14,0.0798
2.5B,3,2,0.2636
2.5B,3,4,0.2183
2.5B,3,6,0.1826
2.5B,3,8,0.1511
2.5B,3,10,0.1220
2.5B,3,12,0.0989
5B,3,2,0.2617
5B,3,4,0.2176
5B,3,6,0.1835
5B,3,8,0.1527
5B,3,10,0.1259
5B,3,12,0.1042
7.5B,3,2,0.2616
7.5B,3,4,0.2200
7.5B,3,6,0.1875
7.5B,3,8,0.1583
7.5B,3,10,0.1343
7.5B,3,12,0.1131
10B,3,2,0.2631
10B,3,4,0.2246
10B,3,6,0.1933
10B,3,8,0.1658
10B,3,10,0.1432
10B,3,12,0.1228
10B,3,14,0.1065
2.5PB,3,2,0.2663
2.5PB,3,4,0.2312
2.5PB,3,6,0.2022
2.5PB,3,8,0.1780
2.5PB,3,10,0.1576
2.5PB,3,12,0.1398
2.5PB,3,14,0.1251
5PB,3,2,0.2708
5PB,3,4,0.2393
5PB,3,6,0.2122
5PB,3,8,0.1908
5PB,3,10,0.1718
5PB,3,12,0.1557
5PB,3,14,0.1431
5PB,3,16,0.1318
5PB,3,18,0.1228
7.5PB,3,2,0.2777
7.5PB,3,4,0.2520
7.5PB,3,6,0.2311
7.5PB,3,8,0.2149
7.5PB,3,10,0.2005
7.5PB,3,12,0.1903
7.5PB,3,14,0.1824
7.5PB,3,16,0.1765
7.5PB,3,18,0.1730
7.5PB,3,20,0.1702
7.5PB,3,22,0.1677
7.5PB,3,24,0.1658
7.5PB,3,26,0.1642
7.5PB,3,28,0.1632
7.5PB,3,30,0.1621
7.5PB,3,32,0.1612
7.5PB,3,34,0.1608
10PB,3,2,0.2847
10PB,3,4,0.2660
10PB,3,6,0.2511
10PB,3,8,0.2387
10PB,3,10,0.2278
10PB,3,12,0.2206
10PB,3,14,0.2142
10PB,3,16,0.2092
10PB,3,18,0.2060
10PB,3,20,0.2030
10PB,3,22,0.2004
10PB,3,24,0.1982
10PB,3,26,0.1963
10PB,3,28,0.1950
10PB,3,30,0.1938
10PB,3,32,0.1926
10PB,3,34,0.1918
2.5P,3,2,0.2922
2.5P,3,4,0.2792
2.5P,3,6,0.2691
2.5P,3,8,0.2615
2.5P,3,10,0.2548
2.5P,3,12,0.2498
2.5P,3,14,0.2449
2.5P,3,16,0.2410
2.5P,3,18,0.2380
2.5P,3,20,0.2354
2.5P,3,22,0.2329
2.5P,3,24,0.2305
2.5P,3,26,0.2286
2.5P,3,28,0.2268
2.5P,3,30,0.2252
2.5P,3,32,0.2242
2.5P,3,34,0.2230
5P,3,2,0.2997
5P,3,4,0.2928
5P,3,6,0.2870
5P,3,8,0.2819
5P,3,10,0.2772
5P,3,12,0.2739
5P,3,14,0.2707
5P,3,16,0.2680
5P,3,18,0.2657
5P,3,20,0.2639
5P,3,22,0.2620
5P,3,24,0.2602
5P,3,26,0.2590
5P,3,28,0.2579
5P,3,30,0.2568
5P,3,32,0.2557
7.5P,3,2,0.3088
7.5P,3,4,0.3072
7.5P,3,6,0.3057
7.5P,3,8,0.3037
7.5P,3,10,0.3020
7.5P,3,12,0.3003
7.5P,3,14,0.2992
7.5P,3,16,0.2981
7.5P,3,18,0.2969
7.5P,3,20,0.2961
7.5P,3,22,0.2953
7.5P,3,24,0.2944
7.5P,3,26,0.2938
7.5P,3,28,0.2930
7.5P,3,30,0.2922
10P,3,2,0.3170
10P,3,4,0.3214
10P,3,6,0.3243
10P,3,8,0.3269
10P,3,10,0.3286
10P,3,12,0.3301
10P,3,14,0.3309
10P,3,16,0.3320
10P,3,18,0.3329
10P,3,20,0.3332
10P,3,22,0.3340
10P,3,24,0.3341
10P,3,26,0.3343
2.5RP,3,2,0.3272
2.5RP,3,4,0.3400
2.5RP,3,6,0.3501
2.5RP,3,8,0.3598
2.5RP,3,10,0.3681
2.5RP,3,12,0.3754
2.5RP,3,14,0.3818
2.5RP,3,16,0.3876
2.5RP,3,18,0.3929
2.5RP,3,20,0.3969
2.5RP,3,22,0.4018
5RP,3,2,0.3370
5RP,3,4,0.3586
5RP,3,6,0.3765
5RP,3,8,0.3930
5RP,3,10,0.4073
5RP,3,12,0.4199
5RP,3,14,0.4313
5RP,3,16,0.4418
5RP,3,18,0.4503
5RP,3,20,0.4577
7.5RP,3,2,0.3450
7.5RP,3,4,0.3739
7.5RP,3,6,0.3990
7.5RP,3,8,0.4234
7.5RP,3,10,0.4445
7.5RP,3,12,0.4654
7.5RP,3,14,0.4831
7.5RP,3,16,0.4991
7.5RP,3,18,0.5130
10RP,4,2,0.3417
10RP,4,4,0.3715
10RP,4,6,0.3999
10RP,4,8,0.4282
10RP,4,10,0.4528
10RP,4,12,0.4789
10RP,4,14,0.5020
10RP,4,16,0.5234
10RP,4,18,0.5466
10RP,4,20,0.5674
2.5R,4,2,0.3461
2.5R,4,4,0.3806
2.5R,4,6,0.4141
2.5R,4,8,0.4472
2.5R,4,10,0.4774
2.5R,4,12,0.5072
2.5R,4,14,0.5369
2.5R,4,16,0.5620
2.5R,4,18,0.5898
5R,4,2,0.3508
5R,4,4,0.3916
5R,4,6,0.4299
5R,4,8,0.4690
5R,4,10,0.5043
5R,4,12,0.5385
5R,4,14,0.5734
5R,4,16,0.6039
5R,4,18,0.6329
7.5R,4,2,0.3538
7.5R,4,4,0.3990
7.5R,4,6,0.4415
7.5R,4,8,0.4850
7.5R,4,10,0.5235
7.5R,4,12,0.5603
7.5R,4,14,0.5959
7.5R,4,16,0.6260
7.5R,4,18,0.6538
7.5R,4,20,0.6806
10R,4,2,0.3582
10R,4,4,0.4078
10R,4,6,0.4535
10R,4,8,0.4995
10R,4,10,0.5418
10R,4,12,0.5801
10R,4,14,0.6154
10R,4,16,0.6409
2.5YR,4,2,0.3624
2.5YR,4,4,0.4141
2.5YR,4,6,0.4612
2.5YR,4,8,0.5071
2.5YR,4,10,0.5475
2.5YR,4,12,0.5809
5YR,4,2,0.3651
5YR,4,4,0.4187
5YR,4,6,0.4651
5YR,4,8,0.5070
5YR,4,10,0.5432
5YR,4,12,0.5729
7.5YR,4,2,0.3662
7.5YR,4,4,0.4208
7.5YR,4,6,0.4655
7.5YR,4,8,0.5038
7.5YR,4,10,0.5356
10YR,4,2,0.3660
10YR,4,4,0.4189
10YR,4,6,0.4618
10YR,4,8,0.4965
10YR,4,10,0.5250
2.5Y,4,2,0.3633
2.5Y,4,4,0.4138
2.5Y,4,6,0.4542
2.5Y,4,8,0.4865
2.5Y,4,10,0.5120
5Y,4,2,0.3590
5Y,4,4,0.4069
5Y,4,6,0.4451
5Y,4,8,0.4745
7.5Y,4,2,0.3542
7.5Y,4,4,0.3982
7.5Y,4,6,0.4331
7.5Y,4,8,0.4595
10Y,4,2,0.3476
10Y,4,4,0.3871
10Y,4,6,0.4190
10Y,4,8,0.4430
2.5GY,4,2,0.3382
2.5GY,4,4,0.3708
2.5GY,4,6,0.3968
2.5GY,4,8,0.4174
5GY,4,2,0.3312
5GY,4,4,0.3538
5GY,4,6,0.3718
5GY,4,8,0.3868
5GY,4,10,0.3983
7.5GY,4,2,0.3185
7.5GY,4,4,0.3281
7.5GY,4,6,0.3355
7.5GY,4,8,0.3400
7.5GY,4,10,0.3395
7.5GY,4,12,0.3348
10GY,4,2,0.3109
10GY,4,4,0.3100
10GY,4,6,0.3069
10GY,4,8,0.3008
10GY,4,10,0.2908
10GY,4,12,0.2758
10GY,4,14,0.2590
10GY,4,16,0.2422
2.5G,4,2,0.3012
2.5G,4,4,0.2891
2.5G,4,6,0.2735
2.5G,4,8,0.2561
2.5G,4,10,0.2355
2.5G,4,12,0.2128
2.5G,4,14,0.1909
2.5G,4,16,0.1682
2.5G,4,18,0.1446
2.5G,4,20,0.1230
2.5G,4,22,0.1009
2.5G,4,24,0.0760
2.5G,4,26,0.0528
5G,4,2,0.2959
5G,4,4,0.2781
5G,4,6,0.2581
5G,4,8,0.2359
5G,4,10,0.2115
5G,4,12,0.1843
5G,4,14,0.1627
5G,4,16,0.1402
5G,4,18,0.1188
5G,4,20,0.1018
5G,4,22,0.0841
5G,4,24,0.0614
5G,4,26,0.0407
7.5G,4,2,0.2919
7.5G,4,4,0.2702
7.5G,4,6,0.2467
7.5G,4,8,0.2232
7.5G,4,10,0.1989
7.5G,4,12,0.1706
7.5G,4,14,0.1500
7.5G,4,16,0.1293
7.5G,4,18,0.1086
7.5G,4,20,0.0928
7.5G,4,22,0.0770
7.5G,4,24,0.0581
7.5G,4,26,0.0392
10G,4,2,0.2880
10G,4,4,0.2628
10G,4,6,0.2374
10G,4,8,0.2124
10G,4,10,0.1876
10G,4,12,0.1602
10G,4,14,0.1398
10G,4,16,0.1212
10G,4,18,0.1006
10G,4,20,0.0850
10G,4,22,0.0702
10G,4,24,0.0553
10G,4,26,0.0400
2.5BG,4,2,0.2840
2.5BG,4,4,0.2552
2.5BG,4,6,0.2278
2.5BG,4,8,0.2006
2.5BG,4,10,0.1738
2.5BG,4,12,0.1492
2.5BG,4,14,0.1283
2.5BG,4,16,0.1102
2.5BG,4,18,0.0915
2.5BG,4,20,0.0768
2.5BG,4,22,0.0636
2.5BG,4,24,0.0510
5BG,4,2,0.2799
5BG,4,4,0.2480
5BG,4,6,0.2182
5BG,4,8,0.1890
5BG,4,10,0.1618
5BG,4,12,0.1379
5BG,4,14,0.1170
5BG,4,16,0.0992
5BG,4,18,0.0828
5BG,4,20,0.0675
7.5BG,4,2,0.2764
7.5BG,4,4,0.2429
7.5BG,4,6,0.2113
7.5BG,4,8,0.1815
7.5BG,4,10,0.1540
7.5BG,4,12,0.1298
7.5BG,4,14,0.1092
7.5BG,4,16,0.0922
7.5BG,4,18,0.0768
10BG,4,2,0.2740
10BG,4,4,0.2384
10BG,4,6,0.2065
10BG,4,8,0.1760
10BG,4,10,0.1480
10BG,4,12,0.1248
10BG,4,14,0.1033
10BG,4,16,0.0888
2.5B,4,2,0.2727
2.5B,4,4,0.2360
2.5B,4,6,0.2048
2.5B,4,8,0.1737
2.5B,4,10,0.1463
2.5B,4,12,0.1247
2.5B,4,14,0.1027
2.5B,4,16,0.0900
5B,4,2,0.2723
5B,4,4,0.2363
5B,4,6,0.2060
5B,4,8,0.1759
5B,4,10,0.1512
5B,4,12,0.1299
5B,4,14,0.1098
7.5B,4,2,0.2733
7.5B,4,4,0.2388
7.5B,4,6,0.2102
7.5B,4,8,0.1821
7.5B,4,10,0.1601
7.5B,4,12,0.1393
7.5B,4,14,0.1204
10B,4,2,0.2753
10B,4,4,0.2429
10B,4,6,0.2157
10B,4,8,0.1893
10B,4,10,0.1681
10B,4,12,0.1487
10B,4,14,0.1310
10B,4,16,0.1155
2.5PB,4,2,0.2782
2.5PB,4,4,0.2487
2.5PB,4,6,0.2235
2.5PB,4,8,0.1995
2.5PB,4,10,0.1805
2.5PB,4,12,0.1634
2.5PB,4,14,0.1473
2.5PB,4,16,0.1336
2.5PB,4,18,0.1218
5PB,4,2,0.2816
5PB,4,4,0.2562
5PB,4,6,0.2325
5PB,4,8,0.2103
5PB,4,10,0.1925
5PB,4,12,0.1773
5PB,4,14,0.1627
5PB,4,16,0.1504
5PB,4,18,0.1392
5PB,4,20,0.1288
7.5PB,4,2,0.2861
7.5PB,4,4,0.2657
7.5PB,4,6,0.2471
7.5PB,4,8,0.2304
7.5PB,4,10,0.2158
7.5PB,4,12,0.2037
7.5PB,4,14,0.1941
7.5PB,4,16,0.1861
7.5PB,4,18,0.1798
7.5PB,4,20,0.1742
7.5PB,4,22,0.1713
7.5PB,4,24,0.1684
7.5PB,4,26,0.1659
10PB,4,2,0.2911
10PB,4,4,0.2759
10PB,4,6,0.2618
10PB,4,8,0.2497
10PB,4,10,0.2388
10PB,4,12,0.2298
10PB,4,14,0.2220
10PB,4,16,0.2170
10PB,4,18,0.2120
10PB,4,20,0.2075
10PB,4,22,0.2048
10PB,4,24,0.2020
10PB,4,26,0.1994
10PB,4,28,0.1971
10PB,4,30,0.1952
2.5P,4,2,0.2962
2.5P,4,4,0.2855
2.5P,4,6,0.2763
2.5P,4,8,0.2685
2.5P,4,10,0.2619
2.5P,4,12,0.2559
2.5P,4,14,0.2509
2.5P,4,16,0.2467
2.5P,4,18,0.2430
2.5P,4,20,0.2394
2.5P,4,22,0.2371
2.5P,4,24,0.2348
2.5P,4,26,0.2322
2.5P,4,28,0.2302
2.5P,4,30,0.2285
2.5P,4,32,0.2265
5P,4,2,0.3022
5P,4,4,0.2958
5P,4,6,0.2903
5P,4,8,0.2855
5P,4,10,0.2814
5P,4,12,0.2778
5P,4,14,0.2747
5P,4,16,0.2718
5P,4,18,0.2693
5P,4,20,0.2670
5P,4,22,0.2652
5P,4,24,0.2635
5P,4,26,0.2618
5P,4,28,0.2600
5P,4,30,0.2588
5P,4,32,0.2574
7.5P,4,2,0.3093
7.5P,4,4,0.3084
7.5P,4,6,0.3076
7.5P,4,8,0.3066
7.5P,4,10,0.3056
7.5P,4,12,0.3045
7.5P,4,14,0.3035
7.5P,4,16,0.3028
7.5P,4,18,0.3016
7.5P,4,20,0.3010
7.5P,4,22,0.3001
7.5P,4,24,0.2993
7.5P,4,26,0.2986
7.5P,4,28,0.2979
7.5P,4,30,0.2969
7.5P,4,32,0.2962
10P,4,2,0.3162
10P,4,4,0.3210
10P,4,6,0.3248
10P,4,8,0.3280
10P,4,10,0.3306
10P,4,12,0.3331
10P,4,14,0.3351
10P,4,16,0.3370
10P,4,18,0.3386
10P,4,20,0.3400
10P,4,22,0.3411
10P,4,24,0.3421
10P,4,26,0.3428
10P,4,28,0.3432
10P,4,30,0.3440
2.5RP,4,2,0.3231
2.5RP,4,4,0.3340
2.5RP,4,6,0.3442
2.5RP,4,8,0.3533
2.5RP,4,10,0.3608
2.5RP,4,12,0.3683
2.5RP,4,14,0.3748
2.5RP,4,16,0.3807
2.5RP,4,18,0.3865
2.5RP,4,20,0.3926
2.5RP,4,22,0.3967
2.5RP,4,24,0.4011
2.5RP,4,26,0.4048
5RP,4,2,0.3310
5RP,4,4,0.3491
5RP,4,6,0.3671
5RP,4,8,0.3833
5RP,4,10,0.3960
5RP,4,12,0.4104
5RP,4,14,0.4225
5RP,4,16,0.4339
5RP,4,18,0.4455
5RP,4,20,0.4571
5RP,4,22,0.4656
7.5RP,4,2,0.3371
7.5RP,4,4,0.3612
7.5RP,4,6,0.3850
7.5RP,4,8,0.4072
7.5RP,4,10,0.4259
7.5RP,4,12,0.4450
7.5RP,4,14,0.4629
7.5RP,4,16,0.4799
7.5RP,4,18,0.4965
7.5RP,4,20,0.5130
10RP,5,2,0.3332
10RP,5,4,0.3594
10RP,5,6,0.3851
10RP,5,8,0.4105
10RP,5,10,0.4332
10RP,5,12,0.4579
10RP,5,14,0.4767
10RP,5,16,0.4986
10RP,5,18,0.5185
10RP,5,20,0.5396
2.5R,5,2,0.3360
2.5R,5,4,0.3660
2.5R,5,6,0.3960
2.5R,5,8,0.4252
2.5R,5,10,0.4533
2.5R,5,12,0.4820
2.5R,5,14,0.5047
2.5R,5,16,0.5300
2.5R,5,18,0.5540
2.5R,5,20,0.5784
5R,5,2,0.3392
5R,5,4,0.3740
5R,5,6,0.4078
5R,5,8,0.4413
5R,5,10,0.4747
5R,5,12,0.5071
5R,5,14,0.5341
5R,5,16,0.5637
5R,5,18,0.5918
5R,5,20,0.6142
7.5R,5,2,0.3425
7.5R,5,4,0.3806
7.5R,5,6,0.4180
7.5R,5,8,0.4563
7.5R,5,10,0.4927
7.5R,5,12,0.5280
7.5R,5,14,0.5590
7.5R,5,16,0.5901
7.5R,5,18,0.6161
7.5R,5,20,0.6388
10R,5,2,0.3465
10R,5,4,0.3879
10R,5,6,0.4299
10R,5,8,0.4713
10R,5,10,0.5113
10R,5,12,0.5481
10R,5,14,0.5771
10R,5,16,0.6037
10R,5,18,0.6297
2.5YR,5,2,0.3506
2.5YR,5,4,0.3925
2.5YR,5,6,0.4365
2.5YR,5,8,0.4795
2.5YR,5,10,0.5175
2.5YR,5,12,0.5482
2.5YR,5,14,0.5731
2.5YR,5,16,0.5933
5YR,5,2,0.3530
5YR,5,4,0.3968
5YR,5,6,0.4420
5YR,5,8,0.4830
5YR,5,10,0.5161
5YR,5,12,0.5422
5YR,5,14,0.5642
7.5YR,5,2,0.3540
7.5YR,5,4,0.3991
7.5YR,5,6,0.4440
7.5YR,5,8,0.4820
7.5YR,5,10,0.5108
7.5YR,5,12,0.5335
7.5YR,5,14,0.5506
10YR,5,2,0.3546
10YR,5,4,0.3995
10YR,5,6,0.4428
10YR,5,8,0.4770
10YR,5,10,0.5025
10YR,5,12,0.5211
2.5Y,5,2,0.3534
2.5Y,5,4,0.3968
2.5Y,5,6,0.4380
2.5Y,5,8,0.4685
2.5Y,5,10,0.4905
2.5Y,5,12,0.5082
5Y,5,2,0.3500
5Y,5,4,0.3915
5Y,5,6,0.4302
5Y,5,8,0.4579
5Y,5,10,0.4777
5Y,5,12,0.4932
7.5Y,5,2,0.3470
7.5Y,5,4,0.3850
7.5Y,5,6,0.4199
7.5Y,5,8,0.4450
7.5Y,5,10,0.4632
7.5Y,5,12,0.4767
10Y,5,2,0.3422
10Y,5,4,0.3762
10Y,5,6,0.4072
10Y,5,8,0.4307
10Y,5,10,0.4468
10Y,5,12,0.4590
2.5GY,5,2,0.3352
2.5GY,5,4,0.3621
2.5GY,5,6,0.3879
2.5GY,5,8,0.4088
2.5GY,5,10,0.4224
2.5GY,5,12,0.4333
5GY,5,2,0.3289
5GY,5,4,0.3482
5GY,5,6,0.3663
5GY,5,8,0.3815
5GY,5,10,0.3928
5GY,5,12,0.4011
7.5GY,5,2,0.3188
7.5GY,5,4,0.3274
7.5GY,5,6,0.3354
7.5GY,5,8,0.3412
7.5GY,5,10,0.3451
7.5GY,5,12,0.3450
7.5GY,5,14,0.3429
10GY,5,2,0.3110
10GY,5,4,0.3111
10GY,5,6,0.3108
10GY,5,8,0.3080
10GY,5,10,0.3028
10GY,5,12,0.2940
10GY,5,14,0.2838
10GY,5,16,0.2702
10GY,5,18,0.2549
2.5G,5,2,0.3030
2.5G,5,4,0.2943
2.5G,5,6,0.2841
2.5G,5,8,0.2710
2.5G,5,10,0.2565
2.5G,5,12,0.2385
2.5G,5,14,0.2211
2.5G,5,16,0.2005
2.5G,5,18,0.1782
2.5G,5,20,0.1579
2.5G,5,22,0.1377
2.5G,5,24,0.1188
2.5G,5,26,0.0992
2.5G,5,28,0.0794
5G,5,2,0.2978
5G,5,4,0.2841
5G,5,6,0.2690
5G,5,8,0.2511
5G,5,10,0.2329
5G,5,12,0.2104
5G,5,14,0.1912
5G,5,16,0.1695
5G,5,18,0.1489
5G,5,20,0.1318
5G,5,22,0.1144
5G,5,24,0.0953
5G,5,26,0.0784
5G,5,28,0.0609
7.5G,5,2,0.2945
7.5G,5,4,0.2775
7.5G,5,6,0.2598
7.5G,5,8,0.2395
7.5G,5,10,0.2200
7.5G,5,12,0.1964
7.5G,5,14,0.1776
7.5G,5,16,0.1571
7.5G,5,18,0.1372
7.5G,5,20,0.1212
7.5G,5,22,0.1050
7.5G,5,24,0.0878
7.5G,5,26,0.0730
7.5G,5,28,0.0585
10G,5,2,0.2910
10G,5,4,0.2711
10G,5,6,0.2519
10G,5,8,0.2297
10G,5,10,0.2095
10G,5,12,0.1852
10G,5,14,0.1671
10G,5,16,0.1469
10G,5,18,0.1275
10G,5,20,0.1120
10G,5,22,0.0958
10G,5,24,0.0811
10G,5,26,0.0690
10G,5,28,0.0572
2.5BG,5,2,0.2880
2.5BG,5,4,0.2659
2.5BG,5,6,0.2448
2.5BG,5,8,0.2205
2.5BG,5,10,0.1980
2.5BG,5,12,0.1735
2.5BG,5,14,0.1559
2.5BG,5,16,0.1348
2.5BG,5,18,0.1165
2.5BG,5,20,0.1005
2.5BG,5,22,0.0861
2.5BG,5,24,0.0738
5BG,5,2,0.2841
5BG,5,4,0.2591
5BG,5,6,0.2360
5BG,5,8,0.2100
5BG,5,10,0.1850
5BG,5,12,0.1614
5BG,5,14,0.1448
5BG,5,16,0.1243
5BG,5,18,0.1046
5BG,5,20,0.0904
5BG,5,22,0.0781
7.5BG,5,2,0.2812
7.5BG,5,4,0.2550
7.5BG,5,6,0.2292
7.5BG,5,8,0.2030
7.5BG,5,10,0.1776
7.5BG,5,12,0.1537
7.5BG,5,14,0.1364
7.5BG,5,16,0.1167
7.5BG,5,18,0.0982
10BG,5,2,0.2796
10BG,5,4,0.2512
10BG,5,6,0.2234
10BG,5,8,0.1970
10BG,5,10,0.1716
10BG,5,12,0.1485
10BG,5,14,0.1308
10BG,5,16,0.1108
2.5B,5,2,0.2791
2.5B,5,4,0.2492
2.5B,5,6,0.2210
2.5B,5,8,0.1947
2.5B,5,10,0.1697
2.5B,5,12,0.1461
2.5B,5,14,0.1283
2.5B,5,16,0.1090
5B,5,2,0.2794
5B,5,4,0.2493
5B,5,6,0.2215
5B,5,8,0.1958
5B,5,10,0.1729
5B,5,12,0.1505
5B,5,14,0.1320
5B,5,16,0.1132
7.5B,5,2,0.2803
7.5B,5,4,0.2511
7.5B,5,6,0.2248
7.5B,5,8,0.2007
7.5B,5,10,0.1792
7.5B,5,12,0.1584
7.5B,5,14,0.1404
7.5B,5,16,0.1230
10B,5,2,0.2821
10B,5,4,0.2547
10B,5,6,0.2299
10B,5,8,0.2067
10B,5,10,0.1860
10B,5,12,0.1666
10B,5,14,0.1492
10B,5,16,0.1326
10B,5,18,0.1203
2.5PB,5,2,0.2847
2.5PB,5,4,0.2600
2.5PB,5,6,0.2365
2.5PB,5,8,0.2157
2.5PB,5,10,0.1968
2.5PB,5,12,0.1793
2.5PB,5,14,0.1642
2.5PB,5,16,0.1495
2.5PB,5,18,0.1363
5PB,5,2,0.2882
5PB,5,4,0.2662
5PB,5,6,0.2447
5PB,5,8,0.2255
5PB,5,10,0.2080
5PB,5,12,0.1918
5PB,5,14,0.1773
5PB,5,16,0.1638
5PB,5,18,0.1518
7.5PB,5,2,0.2918
7.5PB,5,4,0.2739
7.5PB,5,6,0.2563
7.5PB,5,8,0.2417
7.5PB,5,10,0.2285
7.5PB,5,12,0.2157
7.5PB,5,14,0.2042
7.5PB,5,16,0.1945
7.5PB,5,18,0.1862
7.5PB,5,20,0.1794
10PB,5,2,0.2959
10PB,5,4,0.2821
10PB,5,6,0.2686
10PB,5,8,0.2572
10PB,5,10,0.2478
10PB,5,12,0.2384
10PB,5,14,0.2299
10PB,5,16,0.2224
10PB,5,18,0.2174
10PB,5,20,0.2121
10PB,5,22,0.2082
2.5P,5,2,0.3000
2.5P,5,4,0.2898
2.5P,5,6,0.2806
2.5P,5,8,0.2728
2.5P,5,10,0.2665
2.5P,5,12,0.2608
2.5P,5,14,0.2560
2.5P,5,16,0.2515
2.5P,5,18,0.2476
2.5P,5,20,0.2438
2.5P,5,22,0.2402
2.5P,5,24,0.2372
2.5P,5,26,0.2348
5P,5,2,0.3045
5P,5,4,0.2986
5P,5,6,0.2932
5P,5,8,0.2885
5P,5,10,0.2845
5P,5,12,0.2806
5P,5,14,0.2775
5P,5,16,0.2744
5P,5,18,0.2718
5P,5,20,0.2694
5P,5,22,0.2673
5P,5,24,0.2652
5P,5,26,0.2635
5P,5,28,0.2618
7.5P,5,2,0.3103
7.5P,5,4,0.3100
7.5P,5,6,0.3093
7.5P,5,8,0.3087
7.5P,5,10,0.3080
7.5P,5,12,0.3071
7.5P,5,14,0.3068
7.5P,5,16,0.3060
7.5P,5,18,0.3052
7.5P,5,20,0.3042
7.5P,5,22,0.3038
7.5P,5,24,0.3030
7.5P,5,26,0.3022
7.5P,5,28,0.3018
7.5P,5,30,0.3010
10P,5,2,0.3148
10P,5,4,0.3198
10P,5,6,0.3243
10P,5,8,0.3280
10P,5,10,0.3308
10P,5,12,0.3335
10P,5,14,0.3360
10P,5,16,0.3382
10P,5,18,0.3401
10P,5,20,0.3422
10P,5,22,0.3437
10P,5,24,0.3450
10P,5,26,0.3468
10P,5,28,0.3478
10P,5,30,0.3490
2.5RP,5,2,0.3199
2.5RP,5,4,0.3298
2.5RP,5,6,0.3396
2.5RP,5,8,0.3490
2.5RP,5,10,0.3560
2.5RP,5,12,0.3635
2.5RP,5,14,0.3703
2.5RP,5,16,0.3763
2.5RP,5,18,0.3821
2.5RP,5,20,0.3873
2.5RP,5,22,0.3924
2.5RP,5,24,0.3965
2.5RP,5,26,0.4011
5RP,5,2,0.3256
5RP,5,4,0.3421
5RP,5,6,0.3585
5RP,5,8,0.3748
5RP,5,10,0.3880
5RP,5,12,0.4022
5RP,5,14,0.4142
5RP,5,16,0.4261
5RP,5,18,0.4372
5RP,5,20,0.4484
5RP,5,22,0.4581
5RP,5,24,0.4683
7.5RP,5,2,0.3296
7.5RP,5,4,0.3515
7.5RP,5,6,0.3726
7.5RP,5,8,0.3932
7.5RP,5,10,0.4108
7.5RP,5,12,0.4303
7.5RP,5,14,0.4454
7.5RP,5,16,0.4617
7.5RP,5,18,0.4761
7.5RP,5,20,0.4915
7.5RP,5,22,0.5045
10RP,6,2,0.3292
10RP,6,4,0.3508
10RP,6,6,0.3740
10RP,6,8,0.3930
10RP,6,10,0.4150
10RP,6,12,0.4360
10RP,6,14,0.4552
10RP,6,16,0.4781
10RP,6,18,0.4961
2.5R,6,2,0.3318
2.5R,6,4,0.3566
2.5R,6,6,0.3832
2.5R,6,8,0.4065
2.5R,6,10,0.4320
2.5R,6,12,0.4568
2.5R,6,14,0.4790
2.5R,6,16,0.5041
2.5R,6,18,0.5262
5R,6,2,0.3343
5R,6,4,0.3628
5R,6,6,0.3921
5R,6,8,0.4187
5R,6,10,0.4480
5R,6,12,0.4760
5R,6,14,0.5020
5R,6,16,0.5297
5R,6,18,0.5552
7.5R,6,2,0.3381
7.5R,6,4,0.3692
7.5R,6,6,0.4000
7.5R,6,8,0.4318
7.5R,6,10,0.4655
7.5R,6,12,0.4961
7.5R,6,14,0.5265
7.5R,6,16,0.5560
7.5R,6,18,0.5829
10R,6,2,0.3417
10R,6,4,0.3768
10R,6,6,0.4103
10R,6,8,0.4449
10R,6,10,0.4812
10R,6,12,0.5150
10R,6,14,0.5468
10R,6,16,0.5741
10R,6,18,0.6009
2.5YR,6,2,0.3453
2.5YR,6,4,0.3806
2.5YR,6,6,0.4180
2.5YR,6,8,0.4533
2.5YR,6,10,0.4891
2.5YR,6,12,0.5215
2.5YR,6,14,0.5488
2.5YR,6,16,0.5698
2.5YR,6,18,0.5879
5YR,6,2,0.3474
5YR,6,4,0.3840
5YR,6,6,0.4229
5YR,6,8,0.4592
5YR,6,10,0.4921
5YR,6,12,0.5199
5YR,6,14,0.5423
5YR,6,16,0.5597
5YR,6,18,0.5715
7.5YR,6,2,0.3487
7.5YR,6,4,0.3860
7.5YR,6,6,0.4242
7.5YR,6,8,0.4596
7.5YR,6,10,0.4904
7.5YR,6,12,0.5145
7.5YR,6,14,0.5320
7.5YR,6,16,0.5468
10YR,6,2,0.3491
10YR,6,4,0.3861
10YR,6,6,0.4240
10YR,6,8,0.4570
10YR,6,10,0.4843
10YR,6,12,0.5050
10YR,6,14,0.5200
2.5Y,6,2,0.3480
2.5Y,6,4,0.3840
2.5Y,6,6,0.4203
2.5Y,6,8,0.4517
2.5Y,6,10,0.4760
2.5Y,6,12,0.4928
2.5Y,6,14,0.5061
5Y,6,2,0.3457
5Y,6,4,0.3794
5Y,6,6,0.4140
5Y,6,8,0.4426
5Y,6,10,0.4639
5Y,6,12,0.4780
5Y,6,14,0.4905
7.5Y,6,2,0.3431
7.5Y,6,4,0.3745
7.5Y,6,6,0.4060
7.5Y,6,8,0.4321
7.5Y,6,10,0.4512
7.5Y,6,12,0.4638
7.5Y,6,14,0.4754
10Y,6,2,0.3398
10Y,6,4,0.3679
10Y,6,6,0.3960
10Y,6,8,0.4201
10Y,6,10,0.4372
10Y,6,12,0.4488
10Y,6,14,0.4593
2.5GY,6,2,0.3342
2.5GY,6,4,0.3572
2.5GY,6,6,0.3799
2.5GY,6,8,0.4006
2.5GY,6,10,0.4159
2.5GY,6,12,0.4269
2.5GY,6,14,0.4354
5GY,6,2,0.3288
5GY,6,4,0.3461
5GY,6,6,0.3622
5GY,6,8,0.3772
5GY,6,10,0.3891
5GY,6,12,0.3980
5GY,6,14,0.4042
7.5GY,6,2,0.3193
7.5GY,6,4,0.3275
7.5GY,6,6,0.3351
7.5GY,6,8,0.3418
7.5GY,6,10,0.3463
7.5GY,6,12,0.3488
7.5GY,6,14,0.3498
7.5GY,6,16,0.3498
10GY,6,2,0.3112
10GY,6,4,0.3124
10GY,6,6,0.3128
10GY,6,8,0.3116
10GY,6,10,0.3086
10GY,6,12,0.3037
10GY,6,14,0.2962
10GY,6,16,0.2872
10GY,6,18,0.2763
10GY,6,20,0.2648
2.5G,6,2,0.3039
2.5G,6,4,0.2967
2.5G,6,6,0.2892
2.5G,6,8,0.2799
2.5G,6,10,0.2690
2.5G,6,12,0.2574
2.5G,6,14,0.2426
2.5G,6,16,0.2278
2.5G,6,18,0.2102
2.5G,6,20,0.1922
2.5G,6,22,0.1739
2.5G,6,24,0.1536
2.5G,6,26,0.1340
2.5G,6,28,0.1145
5G,6,2,0.2988
5G,6,4,0.2868
5G,6,6,0.2748
5G,6,8,0.2612
5G,6,10,0.2466
5G,6,12,0.2293
5G,6,14,0.2130
5G,6,16,0.1960
5G,6,18,0.1785
5G,6,20,0.1609
5G,6,22,0.1432
5G,6,24,0.1252
5G,6,26,0.1079
5G,6,28,0.0908
7.5G,6,2,0.2958
7.5G,6,4,0.2807
7.5G,6,6,0.2662
7.5G,6,8,0.2510
7.5G,6,10,0.2350
7.5G,6,12,0.2171
7.5G,6,14,0.2001
7.5G,6,16,0.1832
7.5G,6,18,0.1654
7.5G,6,20,0.1485
7.5G,6,22,0.1325
7.5G,6,24,0.1159
7.5G,6,26,0.1010
7.5G,6,28,0.0858
10G,6,2,0.2929
10G,6,4,0.2749
10G,6,6,0.2591
10G,6,8,0.2420
10G,6,10,0.2247
10G,6,12,0.2060
10G,6,14,0.1895
10G,6,16,0.1722
10G,6,18,0.1551
10G,6,20,0.1382
10G,6,22,0.1230
10G,6,24,0.1070
10G,6,26,0.0941
2.5BG,6,2,0.2902
2.5BG,6,4,0.2702
2.5BG,6,6,0.2526
2.5BG,6,8,0.2332
2.5BG,6,10,0.2148
2.5BG,6,12,0.1954
2.5BG,6,14,0.1779
2.5BG,6,16,0.1600
2.5BG,6,18,0.1428
2.5BG,6,20,0.1269
2.5BG,6,22,0.1120
5BG,6,2,0.2872
5BG,6,4,0.2648
5BG,6,6,0.2441
5BG,6,8,0.2236
5BG,6,10,0.2037
5BG,6,12,0.1844
5BG,6,14,0.1662
5BG,6,16,0.1491
5BG,6,18,0.1325
5BG,6,20,0.1168
7.5BG,6,2,0.2849
7.5BG,6,4,0.2604
7.5BG,6,6,0.2384
7.5BG,6,8,0.2171
7.5BG,6,10,0.1961
7.5BG,6,12,0.1762
7.5BG,6,14,0.1585
7.5BG,6,16,0.1408
7.5BG,6,18,0.1248
10BG,6,2,0.2837
10BG,6,4,0.2578
10BG,6,6,0.2335
10BG,6,8,0.2116
10BG,6,10,0.1909
10BG,6,12,0.1698
10BG,6,14,0.1518
10BG,6,16,0.1337
10BG,6,18,0.1181
2.5B,6,2,0.2835
2.5B,6,4,0.2571
2.5B,6,6,0.2312
2.5B,6,8,0.2080
2.5B,6,10,0.1879
2.5B,6,12,0.1660
2.5B,6,14,0.1480
2.5B,6,16,0.1294
5B,6,2,0.2842
5B,6,4,0.2579
5B,6,6,0.2320
5B,6,8,0.2088
5B,6,10,0.1883
5B,6,12,0.1685
5B,6,14,0.1496
5B,6,16,0.1310
7.5B,6,2,0.2854
7.5B,6,4,0.2602
7.5B,6,6,0.2352
7.5B,6,8,0.2132
7.5B,6,10,0.1934
7.5B,6,12,0.1734
7.5B,6,14,0.1556
7.5B,6,16,0.1376
10B,6,2,0.2871
10B,6,4,0.2637
10B,6,6,0.2399
10B,6,8,0.2189
10B,6,10,0.2000
10B,6,12,0.1803
10B,6,14,0.1629
10B,6,16,0.1454
2.5PB,6,2,0.2897
2.5PB,6,4,0.2684
2.5PB,6,6,0.2465
2.5PB,6,8,0.2274
2.5PB,6,10,0.2095
2.5PB,6,12,0.1913
2.5PB,6,14,0.1754
5PB,6,2,0.2923
5PB,6,4,0.2734
5PB,6,6,0.2533
5PB,6,8,0.2360
5PB,6,10,0.2197
5PB,6,12,0.2026
5PB,6,14,0.1873
7.5PB,6,2,0.2955
7.5PB,6,4,0.2798
7.5PB,6,6,0.2638
7.5PB,6,8,0.2505
7.5PB,6,10,0.2378
7.5PB,6,12,0.2241
7.5PB,6,14,0.2119
10PB,6,2,0.2988
10PB,6,4,0.2863
10PB,6,6,0.2740
10PB,6,8,0.2637
10PB,6,10,0.2540
10PB,6,12,0.2440
10PB,6,14,0.2352
10PB,6,16,0.2265
2.5P,6,2,0.3016
2.5P,6,4,0.2932
2.5P,6,6,0.2842
2.5P,6,8,0.2770
2.5P,6,10,0.2703
2.5P,6,12,0.2647
2.5P,6,14,0.2593
2.5P,6,16,0.2548
2.5P,6,18,0.2504
5P,6,2,0.3050
5P,6,4,0.3001
5P,6,6,0.2950
5P,6,8,0.2905
5P,6,10,0.2862
5P,6,12,0.2829
5P,6,14,0.2794
5P,6,16,0.2761
5P,6,18,0.2731
5P,6,20,0.2702
7.5P,6,2,0.3107
7.5P,6,4,0.3107
7.5P,6,6,0.3101
7.5P,6,8,0.3099
7.5P,6,10,0.3092
7.5P,6,12,0.3090
7.5P,6,14,0.3084
7.5P,6,16,0.3080
7.5P,6,18,0.3075
7.5P,6,20,0.3069
7.5P,6,22,0.3062
7.5P,6,24,0.3058
10P,6,2,0.3146
10P,6,4,0.3181
10P,6,6,0.3226
10P,6,8,0.3259
10P,6,10,0.3293
10P,6,12,0.3321
10P,6,14,0.3349
10P,6,16,0.3370
10P,6,18,0.3388
10P,6,20,0.3409
10P,6,22,0.3426
10P,6,24,0.3441
10P,6,26,0.3457
2.5RP,6,2,0.3188
2.5RP,6,4,0.3272
2.5RP,6,6,0.3362
2.5RP,6,8,0.3437
2.5RP,6,10,0.3509
2.5RP,6,12,0.3582
2.5RP,6,14,0.3652
2.5RP,6,16,0.3718
2.5RP,6,18,0.3773
2.5RP,6,20,0.3833
2.5RP,6,22,0.3877
2.5RP,6,24,0.3927
5RP,6,2,0.3232
5RP,6,4,0.3371
5RP,6,6,0.3520
5RP,6,8,0.3648
5RP,6,10,0.3769
5RP,6,12,0.3900
5RP,6,14,0.4023
5RP,6,16,0.4136
5RP,6,18,0.4245
5RP,6,20,0.4368
5RP,6,22,0.4449
7.5RP,6,2,0.3261
7.5RP,6,4,0.3439
7.5RP,6,6,0.3635
7.5RP,6,8,0.3791
7.5RP,6,10,0.3960
7.5RP,6,12,0.4125
7.5RP,6,14,0.4285
7.5RP,6,16,0.4448
7.5RP,6,18,0.4581
7.5RP,6,20,0.4735
10RP,7,2,0.3258
10RP,7,4,0.3446
10RP,7,6,0.3648
10RP,7,8,0.3851
10RP,7,10,0.4040
10RP,7,12,0.4260
10RP,7,14,0.4456
10RP,7,16,0.4648
2.5R,7,2,0.3284
2.5R,7,4,0.3499
2.5R,7,6,0.3728
2.5R,7,8,0.3961
2.5R,7,10,0.4183
2.5R,7,12,0.4435
2.5R,7,14,0.4660
2.5R,7,16,0.4885
5R,7,2,0.3306
5R,7,4,0.3552
5R,7,6,0.3805
5R,7,8,0.4067
5R,7,10,0.4320
5R,7,12,0.4595
5R,7,14,0.4848
7.5R,7,2,0.3335
7.5R,7,4,0.3611
7.5R,7,6,0.3888
7.5R,7,8,0.4196
7.5R,7,10,0.4470
7.5R,7,12,0.4777
7.5R,7,14,0.5059
7.5R,7,16,0.5341
10R,7,2,0.3360
10R,7,4,0.3671
10R,7,6,0.3984
10R,7,8,0.4308
10R,7,10,0.4600
10R,7,12,0.4930
10R,7,14,0.5234
10R,7,16,0.5519
2.5YR,7,2,0.3392
2.5YR,7,4,0.3715
2.5YR,7,6,0.4053
2.5YR,7,8,0.4371
2.5YR,7,10,0.4671
2.5YR,7,12,0.5001
2.5YR,7,14,0.5297
2.5YR,7,16,0.5522
2.5YR,7,18,0.5695
2.5YR,7,20,0.5824
5YR,7,2,0.3421
5YR,7,4,0.3750
5YR,7,6,0.4091
5YR,7,8,0.4402
5YR,7,10,0.4711
5YR,7,12,0.5007
5YR,7,14,0.5252
5YR,7,16,0.5437
5YR,7,18,0.5564
5YR,7,20,0.5657
7.5YR,7,2,0.3437
7.5YR,7,4,0.3772
7.5YR,7,6,0.4107
7.5YR,7,8,0.4415
7.5YR,7,10,0.4704
7.5YR,7,12,0.4970
7.5YR,7,14,0.5174
7.5YR,7,16,0.5319
7.5YR,7,18,0.5417
10YR,7,2,0.3443
10YR,7,4,0.3778
10YR,7,6,0.4102
10YR,7,8,0.4399
10YR,7,10,0.4667
10YR,7,12,0.4900
10YR,7,14,0.5074
10YR,7,16,0.5188
10YR,7,18,0.5276
2.5Y,7,2,0.3436
2.5Y,7,4,0.3761
2.5Y,7,6,0.4073
2.5Y,7,8,0.4353
2.5Y,7,10,0.4606
2.5Y,7,12,0.4806
2.5Y,7,14,0.4950
2.5Y,7,16,0.5049
5Y,7,2,0.3419
5Y,7,4,0.3718
5Y,7,6,0.4009
5Y,7,8,0.4271
5Y,7,10,0.4509
5Y,7,12,0.4677
5Y,7,14,0.4791
5Y,7,16,0.4875
7.5Y,7,2,0.3396
7.5Y,7,4,0.3677
7.5Y,7,6,0.3943
7.5Y,7,8,0.4184
7.5Y,7,10,0.4400
7.5Y,7,12,0.4547
7.5Y,7,14,0.4652
7.5Y,7,16,0.4728
10Y,7,2,0.3369
10Y,7,4,0.3624
10Y,7,6,0.3864
10Y,7,8,0.4090
10Y,7,10,0.4289
10Y,7,12,0.4420
10Y,7,14,0.4516
10Y,7,16,0.4582
2.5GY,7,2,0.3328
2.5GY,7,4,0.3534
2.5GY,7,6,0.3728
2.5GY,7,8,0.3919
2.5GY,7,10,0.4091
2.5GY,7,12,0.4213
2.5GY,7,14,0.4309
2.5GY,7,16,0.4366
5GY,7,2,0.3284
5GY,7,4,0.3437
5GY,7,6,0.3581
5GY,7,8,0.3722
5GY,7,10,0.3852
5GY,7,12,0.3949
5GY,7,14,0.4027
5GY,7,16,0.4076
7.5GY,7,2,0.3190
7.5GY,7,4,0.3267
7.5GY,7,6,0.3341
7.5GY,7,8,0.3406
7.5GY,7,10,0.3461
7.5GY,7,12,0.3502
7.5GY,7,14,0.3532
7.5GY,7,16,0.3549
7.5GY,7,18,0.3555
10GY,7,2,0.3117
10GY,7,4,0.3133
10GY,7,6,0.3142
10GY,7,8,0.3140
10GY,7,10,0.3123
10GY,7,12,0.3092
10GY,7,14,0.3047
10GY,7,16,0.2981
10GY,7,18,0.2905
10GY,7,20,0.2816
10GY,7,22,0.2728
2.5G,7,2,0.3047
2.5G,7,4,0.2992
2.5G,7,6,0.2933
2.5G,7,8,0.2861
2.5G,7,10,0.2775
2.5G,7,12,0.2672
2.5G,7,14,0.2568
2.5G,7,16,0.2448
2.5G,7,18,0.2328
2.5G,7,20,0.2181
2.5G,7,22,0.2029
2.5G,7,24,0.1875
2.5G,7,26,0.1689
5G,7,2,0.3001
5G,7,4,0.2902
5G,7,6,0.2801
5G,7,8,0.2687
5G,7,10,0.2554
5G,7,12,0.2416
5G,7,14,0.2262
5G,7,16,0.2111
5G,7,18,0.1967
5G,7,20,0.1805
5G,7,22,0.1659
5G,7,24,0.1521
5G,7,26,0.1397
7.5G,7,2,0.2972
7.5G,7,4,0.2850
7.5G,7,6,0.2728
7.5G,7,8,0.2595
7.5G,7,10,0.2445
7.5G,7,12,0.2295
7.5G,7,14,0.2139
7.5G,7,16,0.1982
7.5G,7,18,0.1841
7.5G,7,20,0.1688
7.5G,7,22,0.1539
7.5G,7,24,0.1415
7.5G,7,26,0.1303
10G,7,2,0.2945
10G,7,4,0.2803
10G,7,6,0.2662
10G,7,8,0.2513
10G,7,10,0.2352
10G,7,12,0.2195
10G,7,14,0.2033
10G,7,16,0.1881
10G,7,18,0.1734
10G,7,20,0.1589
10G,7,22,0.1434
10G,7,24,0.1310
2.5BG,7,2,0.2927
2.5BG,7,4,0.2764
2.5BG,7,6,0.2608
2.5BG,7,8,0.2439
2.5BG,7,10,0.2264
2.5BG,7,12,0.2102
2.5BG,7,14,0.1932
2.5BG,7,16,0.1788
2.5BG,7,18,0.1626
2.5BG,7,20,0.1490
2.5BG,7,22,0.1334
5BG,7,2,0.2898
5BG,7,4,0.2712
5BG,7,6,0.2543
5BG,7,8,0.2354
5BG,7,10,0.2163
5BG,7,12,0.1997
5BG,7,14,0.1838
5BG,7,16,0.1675
5BG,7,18,0.1515
5BG,7,20,0.1380
7.5BG,7,2,0.2878
7.5BG,7,4,0.2671
7.5BG,7,6,0.2490
7.5BG,7,8,0.2292
7.5BG,7,10,0.2094
7.5BG,7,12,0.1914
7.5BG,7,14,0.1751
7.5BG,7,16,0.1584
7.5BG,7,18,0.1427
10BG,7,2,0.2869
10BG,7,4,0.2642
10BG,7,6,0.2448
10BG,7,8,0.2235
10BG,7,10,0.2035
10BG,7,12,0.1841
10BG,7,14,0.1671
10BG,7,16,0.1489
2.5B,7,2,0.2867
2.5B,7,4,0.2629
2.5B,7,6,0.2418
2.5B,7,8,0.2208
2.5B,7,10,0.1994
2.5B,7,12,0.1797
2.5B,7,14,0.1624
2.5B,7,16,0.1435
5B,7,2,0.2875
5B,7,4,0.2633
5B,7,6,0.2410
5B,7,8,0.2204
5B,7,10,0.1986
5B,7,12,0.1778
5B,7,14,0.1615
7.5B,7,2,0.2888
7.5B,7,4,0.2651
7.5B,7,6,0.2436
7.5B,7,8,0.2225
7.5B,7,10,0.2016
7.5B,7,12,0.1818
10B,7,2,0.2908
10B,7,4,0.2685
10B,7,6,0.2478
10B,7,8,0.2277
10B,7,10,0.2078
10B,7,12,0.1883
2.5PB,7,2,0.2932
2.5PB,7,4,0.2729
2.5PB,7,6,0.2538
2.5PB,7,8,0.2352
2.5PB,7,10,0.2162
5PB,7,2,0.2952
5PB,7,4,0.2773
5PB,7,6,0.2596
5PB,7,8,0.2427
5PB,7,10,0.2254
7.5PB,7,2,0.2982
7.5PB,7,4,0.2833
7.5PB,7,6,0.2687
7.5PB,7,8,0.2546
7.5PB,7,10,0.2410
10PB,7,2,0.3005
10PB,7,4,0.2886
10PB,7,6,0.2776
10PB,7,8,0.2670
10PB,7,10,0.2563
10PB,7,12,0.2465
2.5P,7,2,0.3031
2.5P,7,4,0.2950
2.5P,7,6,0.2873
2.5P,7,8,0.2799
2.5P,7,10,0.2729
2.5P,7,12,0.2664
5P,7,2,0.3059
5P,7,4,0.3009
5P,7,6,0.2961
5P,7,8,0.2918
5P,7,10,0.2872
5P,7,12,0.2833
5P,7,14,0.2801
7.5P,7,2,0.3109
7.5P,7,4,0.3111
7.5P,7,6,0.3111
7.5P,7,8,0.3109
7.5P,7,10,0.3108
7.5P,7,12,0.3104
7.5P,7,14,0.3101
7.5P,7,16,0.3099
7.5P,7,18,0.3093
10P,7,2,0.3138
10P,7,4,0.3181
10P,7,6,0.3221
10P,7,8,0.3256
10P,7,10,0.3288
10P,7,12,0.3314
10P,7,14,0.3341
10P,7,16,0.3368
10P,7,18,0.3391
10P,7,20,0.3410
10P,7,22,0.3430
2.5RP,7,2,0.3170
2.5RP,7,4,0.3254
2.5RP,7,6,0.3338
2.5RP,7,8,0.3417
2.5RP,7,10,0.3487
2.5RP,7,12,0.3555
2.5RP,7,14,0.3620
2.5RP,7,16,0.3688
2.5RP,7,18,0.3751
2.5RP,7,20,0.3811
5RP,7,2,0.3206
5RP,7,4,0.3332
5RP,7,6,0.3470
5RP,7,8,0.3603
5RP,7,10,0.3713
5RP,7,12,0.3841
5RP,7,14,0.3958
5RP,7,16,0.4076
5RP,7,18,0.4186
7.5RP,7,2,0.3232
7.5RP,7,4,0.3389
7.5RP,7,6,0.3562
7.5RP,7,8,0.3722
7.5RP,7,10,0.3871
7.5RP,7,12,0.4040
7.5RP,7,14,0.4195
7.5RP,7,16,0.4346
10RP,8,2,0.3218
10RP,8,4,0.3412
10RP,8,6,0.3600
10RP,8,8,0.3800
10RP,8,10,0.3983
2.5R,8,2,0.3236
2.5R,8,4,0.3460
2.5R,8,6,0.3671
2.5R,8,8,0.3900
2.5R,8,10,0.4125
5R,8,2,0.3254
5R,8,4,0.3510
5R,8,6,0.3743
5R,8,8,0.4001
5R,8,10,0.4249
7.5R,8,2,0.3277
7.5R,8,4,0.3564
7.5R,8,6,0.3830
7.5R,8,8,0.4118
7.5R,8,10,0.4388
10R,8,2,0.3301
10R,8,4,0.3621
10R,8,6,0.3910
10R,8,8,0.4212
10R,8,10,0.4490
2.5YR,8,2,0.3334
2.5YR,8,4,0.3667
2.5YR,8,6,0.3960
2.5YR,8,8,0.4275
2.5YR,8,10,0.4552
2.5YR,8,12,0.4852
5YR,8,2,0.3373
5YR,8,4,0.3690
5YR,8,6,0.3988
5YR,8,8,0.4310
5YR,8,10,0.4576
5YR,8,12,0.4849
5YR,8,14,0.5088
7.5YR,8,2,0.3395
7.5YR,8,4,0.3699
7.5YR,8,6,0.4000
7.5YR,8,8,0.4306
7.5YR,8,10,0.4568
7.5YR,8,12,0.4816
7.5YR,8,14,0.5025
7.5YR,8,16,0.5195
7.5YR,8,18,0.5316
7.5YR,8,20,0.5391
10YR,8,2,0.3407
10YR,8,4,0.3701
10YR,8,6,0.3994
10YR,8,8,0.4280
10YR,8,10,0.4527
10YR,8,12,0.4753
10YR,8,14,0.4940
10YR,8,16,0.5079
10YR,8,18,0.5179
10YR,8,20,0.5245
2.5Y,8,2,0.3406
2.5Y,8,4,0.3684
2.5Y,8,6,0.3969
2.5Y,8,8,0.4231
2.5Y,8,10,0.4469
2.5Y,8,12,0.4678
2.5Y,8,14,0.4842
2.5Y,8,16,0.4957
2.5Y,8,18,0.5033
2.5Y,8,20,0.5091
5Y,8,2,0.3394
5Y,8,4,0.3650
5Y,8,6,0.3913
5Y,8,8,0.4158
5Y,8,10,0.4376
5Y,8,12,0.4562
5Y,8,14,0.4699
5Y,8,16,0.4791
5Y,8,18,0.4847
7.5Y,8,2,0.3379
7.5Y,8,4,0.3622
7.5Y,8,6,0.3862
7.5Y,8,8,0.4088
7.5Y,8,10,0.4283
7.5Y,8,12,0.4455
7.5Y,8,14,0.4574
7.5Y,8,16,0.4658
7.5Y,8,18,0.4709
10Y,8,2,0.3359
10Y,8,4,0.3581
10Y,8,6,0.3803
10Y,8,8,0.4008
10Y,8,10,0.4190
10Y,8,12,0.4341
10Y,8,14,0.4450
10Y,8,16,0.4525
10Y,8,18,0.4570
2.5GY,8,2,0.3327
2.5GY,8,4,0.3504
2.5GY,8,6,0.3690
2.5GY,8,8,0.3858
2.5GY,8,10,0.4021
2.5GY,8,12,0.4154
2.5GY,8,14,0.4261
2.5GY,8,16,0.4327
2.5GY,8,18,0.4371
5GY,8,2,0.3284
5GY,8,4,0.3433
5GY,8,6,0.3573
5GY,8,8,0.3696
5GY,8,10,0.3816
5GY,8,12,0.3924
5GY,8,14,0.4011
5GY,8,16,0.4061
5GY,8,18,0.4104
5GY,8,20,0.4127
7.5GY,8,2,0.3194
7.5GY,8,4,0.3266
7.5GY,8,6,0.3339
7.5GY,8,8,0.3408
7.5GY,8,10,0.3463
7.5GY,8,12,0.3511
7.5GY,8,14,0.3546
7.5GY,8,16,0.3569
7.5GY,8,18,0.3585
7.5GY,8,20,0.3592
10GY,8,2,0.3121
10GY,8,4,0.3140
10GY,8,6,0.3150
10GY,8,8,0.3149
10GY,8,10,0.3140
10GY,8,12,0.3124
10GY,8,14,0.3091
10GY,8,16,0.3043
10GY,8,18,0.2987
10GY,8,20,0.2918
10GY,8,22,0.2846
10GY,8,24,0.2781
2.5G,8,2,0.3053
2.5G,8,4,0.3009
2.5G,8,6,0.2952
2.5G,8,8,0.2896
2.5G,8,10,0.2829
2.5G,8,12,0.2743
2.5G,8,14,0.2661
2.5G,8,16,0.2563
2.5G,8,18,0.2451
2.5G,8,20,0.2339
2.5G,8,22,0.2221
2.5G,8,24,0.2091
5G,8,2,0.3009
5G,8,4,0.2924
5G,8,6,0.2822
5G,8,8,0.2723
5G,8,10,0.2613
5G,8,12,0.2489
5G,8,14,0.2368
5G,8,16,0.2240
5G,8,18,0.2103
5G,8,20,0.1956
5G,8,22,0.1821
7.5G,8,2,0.2981
7.5G,8,4,0.2874
7.5G,8,6,0.2754
7.5G,8,8,0.2639
7.5G,8,10,0.2515
7.5G,8,12,0.2380
7.5G,8,14,0.2254
7.5G,8,16,0.2120
7.5G,8,18,0.1980
7.5G,8,20,0.1845
10G,8,2,0.2957
10G,8,4,0.2828
10G,8,6,0.2693
10G,8,8,0.2564
10G,8,10,0.2430
10G,8,12,0.2282
10G,8,14,0.2148
10G,8,16,0.2012
10G,8,18,0.1866
10G,8,20,0.1734
2.5BG,8,2,0.2940
2.5BG,8,4,0.2791
2.5BG,8,6,0.2647
2.5BG,8,8,0.2500
2.5BG,8,10,0.2352
2.5BG,8,12,0.2196
2.5BG,8,14,0.2057
2.5BG,8,16,0.1915
2.5BG,8,18,0.1759
5BG,8,2,0.2919
5BG,8,4,0.2752
5BG,8,6,0.2588
5BG,8,8,0.2419
5BG,8,10,0.2264
5BG,8,12,0.2101
5BG,8,14,0.1958
5BG,8,16,0.1814
7.5BG,8,2,0.2900
7.5BG,8,4,0.2718
7.5BG,8,6,0.2525
7.5BG,8,8,0.2352
7.5BG,8,10,0.2184
7.5BG,8,12,0.2010
7.5BG,8,14,0.1868
7.5BG,8,16,0.1721
10BG,8,2,0.2894
10BG,8,4,0.2686
10BG,8,6,0.2489
10BG,8,8,0.2302
10BG,8,10,0.2120
10BG,8,12,0.1937
10BG,8,14,0.1788
2.5B,8,2,0.2897
2.5B,8,4,0.2668
2.5B,8,6,0.2462
2.5B,8,8,0.2264
2.5B,8,10,0.2066
2.5B,8,12,0.1877
5B,8,2,0.2908
5B,8,4,0.2671
5B,8,6,0.2457
5B,8,8,0.2237
7.5B,8,2,0.2922
7.5B,8,4,0.2688
7.5B,8,6,0.2472
7.5B,8,8,0.2252
10B,8,2,0.2935
10B,8,4,0.2718
10B,8,6,0.2512
10B,8,8,0.2294
2.5PB,8,2,0.2957
2.5PB,8,4,0.2758
2.5PB,8,6,0.2562
5PB,8,2,0.2974
5PB,8,4,0.2798
5PB,8,6,0.2614
7.5PB,8,2,0.3003
7.5PB,8,4,0.2856
7.5PB,8,6,0.2702
10PB,8,2,0.3027
10PB,8,4,0.2911
10PB,8,6,0.2792
10PB,8,8,0.2677
2.5P,8,2,0.3048
2.5P,8,4,0.2962
2.5P,8,6,0.2881
2.5P,8,8,0.2800
5P,8,2,0.3065
5P,8,4,0.3012
5P,8,6,0.2963
5P,8,8,0.2914
5P,8,10,0.2870
7.5P,8,2,0.3107
7.5P,8,4,0.3114
7.5P,8,6,0.3114
7.5P,8,8,0.3116
7.5P,8,10,0.3116
7.5P,8,12,0.3117
10P,8,2,0.3131
10P,8,4,0.3175
10P,8,6,0.3213
10P,8,8,0.3250
10P,8,10,0.3282
10P,8,12,0.3312
10P,8,14,0.3342
2.5RP,8,2,0.3154
2.5RP,8,4,0.3239
2.5RP,8,6,0.3327
2.5RP,8,8,0.3406
2.5RP,8,10,0.3479
2.5RP,8,12,0.3552
2.5RP,8,14,0.3621
5RP,8,2,0.3180
5RP,8,4,0.3308
5RP,8,6,0.3440
5RP,8,8,0.3570
5RP,8,10,0.3685
5RP,8,12,0.3818
7.5RP,8,2,0.3200
7.5RP,8,4,0.3360
7.5RP,8,6,0.3521
7.5RP,8,8,0.3682
7.5RP,8,10,0.3830
7.5RP,8,12,0.4002
10RP,9,2,0.3205
10RP,9,4,0.3400
10RP,9,6,0.3590
2.5R,9,2,0.3210
2.5R,9,4,0.3445
2.5R,9,6,0.3665
5R,9,2,0.3240
5R,9,4,0.3495
5R,9,6,0.3734
7.5R,9,2,0.3263
7.5R,9,4,0.3551
7.5R,9,6,0.3812
10R,9,2,0.3284
10R,9,4,0.3600
10R,9,6,0.3880
2.5YR,9,2,0.3320
2.5YR,9,4,0.3641
2.5YR,9,6,0.3927
5YR,9,2,0.3353
5YR,9,4,0.3668
5YR,9,6,0.3948
7.5YR,9,2,0.3380
7.5YR,9,4,0.3679
7.5YR,9,6,0.3950
7.5YR,9,8,0.4220
10YR,9,2,0.3392
10YR,9,4,0.3677
10YR,9,6,0.3941
10YR,9,8,0.4199
2.5Y,9,2,0.3390
2.5Y,9,4,0.3655
2.5Y,9,6,0.3910
2.5Y,9,8,0.4154
2.5Y,9,10,0.4370
2.5Y,9,12,0.4569
5Y,9,2,0.3378
5Y,9,4,0.3621
5Y,9,6,0.3858
5Y,9,8,0.4080
5Y,9,10,0.4275
5Y,9,12,0.4455
5Y,9,14,0.4602
5Y,9,16,0.4711
5Y,9,18,0.4782
5Y,9,20,0.4830
7.5Y,9,2,0.3365
7.5Y,9,4,0.3591
7.5Y,9,6,0.3811
7.5Y,9,8,0.4019
7.5Y,9,10,0.4201
7.5Y,9,12,0.4369
7.5Y,9,14,0.4503
7.5Y,9,16,0.4595
7.5Y,9,18,0.4663
10Y,9,2,0.3349
10Y,9,4,0.3558
10Y,9,6,0.3761
10Y,9,8,0.3957
10Y,9,10,0.4120
10Y,9,12,0.4271
10Y,9,14,0.4393
10Y,9,16,0.4477
10Y,9,18,0.4540
2.5GY,9,2,0.3321
2.5GY,9,4,0.3499
2.5GY,9,6,0.3670
2.5GY,9,8,0.3834
2.5GY,9,10,0.3973
2.5GY,9,12,0.4108
2.5GY,9,14,0.4212
2.5GY,9,16,0.4288
2.5GY,9,18,0.4354
5GY,9,2,0.3284
5GY,9,4,0.3437
5GY,9,6,0.3572
5GY,9,8,0.3698
5GY,9,10,0.3810
5GY,9,12,0.3911
5GY,9,14,0.3993
5GY,9,16,0.4058
5GY,9,18,0.4108
7.5GY,9,2,0.3198
7.5GY,9,4,0.3274
7.5GY,9,6,0.3351
7.5GY,9,8,0.3414
7.5GY,9,10,0.3471
7.5GY,9,12,0.3518
7.5GY,9,14,0.3551
7.5GY,9,16,0.3581
7.5GY,9,18,0.3602
10GY,9,2,0.3124
10GY,9,4,0.3144
10GY,9,6,0.3153
10GY,9,8,0.3157
10GY,9,10,0.3155
10GY,9,12,0.3139
10GY,9,14,0.3115
10GY,9,16,0.3079
10GY,9,18,0.3032
2.5G,9,2,0.3058
2.5G,9,4,0.3018
2.5G,9,6,0.2966
2.5G,9,8,0.2912
2.5G,9,10,0.2851
2.5G,9,12,0.2786
2.5G,9,14,0.2711
2.5G,9,16,0.2630
5G,9,2,0.3017
5G,9,4,0.2933
5G,9,6,0.2832
5G,9,8,0.2735
5G,9,10,0.2639
5G,9,12,0.2528
7.5G,9,2,0.2987
7.5G,9,4,0.2882
7.5G,9,6,0.2763
7.5G,9,8,0.2652
7.5G,9,10,0.2545
7.5G,9,12,0.2419
10G,9,2,0.2965
10G,9,4,0.2840
10G,9,6,0.2703
10G,9,8,0.2574
10G,9,10,0.2457
10G,9,12,0.2325
2.5BG,9,2,0.2947
2.5BG,9,4,0.2805
2.5BG,9,6,0.2652
2.5BG,9,8,0.2509
2.5BG,9,10,0.2382
5BG,9,2,0.2930
5BG,9,4,0.2768
5BG,9,6,0.2599
5BG,9,8,0.2437
5BG,9,10,0.2301
7.5BG,9,2,0.2911
7.5BG,9,4,0.2728
7.5BG,9,6,0.2543
7.5BG,9,8,0.2361
7.5BG,9,10,0.2215
10BG,9,2,0.2907
10BG,9,4,0.2700
10BG,9,6,0.2501
2.5B,9,2,0.2909
2.5B,9,4,0.2680
5B,9,2,0.2919
5B,9,4,0.2675
7.5B,9,2,0.2937
7.5B,9,4,0.2688
10B,9,2,0.2949
10B,9,4,0.2712
2.5PB,9,2,0.2975
5PB,9,2,0.2991
7.5PB,9,2,0.3015
10PB,9,2,0.3038
10PB,9,4,0.2910
2.5P,9,2,0.3050
2.5P,9,4,0.2963
5P,9,2,0.3067
5P,9,4,0.3003
7.5P,9,2,0.3107
7.5P,9,4,0.3117
7.5P,9,6,0.3120
10P,9,2,0.3128
10P,9,4,0.3176
10P,9,6,0.3218
2.5RP,9,2,0.3149
2.5RP,9,4,0.3234
2.5RP,9,6,0.3322
5RP,9,2,0.3172
5RP,9,4,0.3301
5RP,9,6,0.3431
7.5RP,9,2,0.3190
7.5RP,9,4,0.3350
7.5RP,9,6,0.3512